Workbook

Sheet Customer Data
A1: CustomerID | B1: Gender | C1: Age | D1: TenureMo | E1: Subscription | F1: MonthlyCharge | G1: TotalCharges | H1: ContractType | I1: SupportTickets | J1: PaymentMethod | K1: Churn | L1: Selected
A2: CUST-1001 | B2: Female | C2: 34 | D2: 12 | E2: Basic | F2: 49.99 | G2: 599.88 | H2: Month-to-month | I2: 3 | J2: Credit Card | K2: Yes | L2: =--AND(OR(Dashboard!$B$5="All",H2=Dashboard!$B$5),OR(Dashboard!$H$5="All",J2=Dashboard!$H$5),OR(Dashboard!$E$5="All",IF(Dashboard!$E$5="0–12 months",D2<=12,IF(Dashboard!$E$5="13–24 months",AND(D2>=13,D2<=24),D2>=25))))
A3: CUST-1002 | B3: Male | C3: 45 | D3: 24 | E3: Pro | F3: 79.99 | G3: 1919.76 | H3: One Year | I3: 1 | J3: Bank Transfer | K3: No | L3: =--AND(OR(Dashboard!$B$5="All",H3=Dashboard!$B$5),OR(Dashboard!$H$5="All",J3=Dashboard!$H$5),OR(Dashboard!$E$5="All",IF(Dashboard!$E$5="0–12 months",D3<=12,IF(Dashboard!$E$5="13–24 months",AND(D3>=13,D3<=24),D3>=25))))
A4: CUST-1003 | B4: Female | C4: 29 | D4: 6 | E4: Basic | F4: 49.99 | G4: 299.94 | H4: Month-to-month | I4: 5 | J4: UPI | K4: Yes | L4: =--AND(OR(Dashboard!$B$5="All",H4=Dashboard!$B$5),OR(Dashboard!$H$5="All",J4=Dashboard!$H$5),OR(Dashboard!$E$5="All",IF(Dashboard!$E$5="0–12 months",D4<=12,IF(Dashboard!$E$5="13–24 months",AND(D4>=13,D4<=24),D4>=25))))
A5: CUST-1004 | B5: Male | C5: 52 | D5: 36 | E5: Enterprise | F5: 149.99 | G5: 5399.64 | H5: Two Year | I5: 0 | J5: Credit Card | K5: No | L5: =--AND(OR(Dashboard!$B$5="All",H5=Dashboard!$B$5),OR(Dashboard!$H$5="All",J5=Dashboard!$H$5),OR(Dashboard!$E$5="All",IF(Dashboard!$E$5="0–12 months",D5<=12,IF(Dashboard!$E$5="13–24 months",AND(D5>=13,D5<=24),D5>=25))))
A6: CUST-1005 | B6: Female | C6: 41 | D6: 8 | E6: Pro | F6: 79.99 | G6: 639.92 | H6: Month-to-month | I6: 4 | J6: Debit Card | K6: Yes | L6: =--AND(OR(Dashboard!$B$5="All",H6=Dashboard!$B$5),OR(Dashboard!$H$5="All",J6=Dashboard!$H$5),OR(Dashboard!$E$5="All",IF(Dashboard!$E$5="0–12 months",D6<=12,IF(Dashboard!$E$5="13–24 months",AND(D6>=13,D6<=24),D6>=25))))
A7: CUST-1006 | B7: Male | C7: 31 | D7: 18 | E7: Basic | F7: 49.99 | G7: 899.82 | H7: Month-to-month | I7: 2 | J7: UPI | K7: No | L7: =--AND(OR(Dashboard!$B$5="All",H7=Dashboard!$B$5),OR(Dashboard!$H$5="All",J7=Dashboard!$H$5),OR(Dashboard!$E$5="All",IF(Dashboard!$E$5="0–12 months",D7<=12,IF(Dashboard!$E$5="13–24 months",AND(D7>=13,D7<=24),D7>=25))))
A8: CUST-1007 | B8: Female | C8: 23 | D8: 3 | E8: Basic | F8: 49.99 | G8: 149.97 | H8: Month-to-month | I8: 6 | J8: Credit Card | K8: Yes | L8: =--AND(OR(Dashboard!$B$5="All",H8=Dashboard!$B$5),OR(Dashboard!$H$5="All",J8=Dashboard!$H$5),OR(Dashboard!$E$5="All",IF(Dashboard!$E$5="0–12 months",D8<=12,IF(Dashboard!$E$5="13–24 months",AND(D8>=13,D8<=24),D8>=25))))
A9: CUST-1008 | B9: Male | C9: 60 | D9: 48 | E9: Enterprise | F9: 149.99 | G9: 7199.52 | H9: Two Year | I9: 1 | J9: Bank Transfer | K9: No | L9: =--AND(OR(Dashboard!$B$5="All",H9=Dashboard!$B$5),OR(Dashboard!$H$5="All",J9=Dashboard!$H$5),OR(Dashboard!$E$5="All",IF(Dashboard!$E$5="0–12 months",D9<=12,IF(Dashboard!$E$5="13–24 months",AND(D9>=13,D9<=24),D9>=25))))
A10: CUST-1009 | B10: Female | C10: 38 | D10: 15 | E10: Pro | F10: 79.99 | G10: 1199.85 | H10: One Year | I10: 2 | J10: Credit Card | K10: No | L10: =--AND(OR(Dashboard!$B$5="All",H10=Dashboard!$B$5),OR(Dashboard!$H$5="All",J10=Dashboard!$H$5),OR(Dashboard!$E$5="All",IF(Dashboard!$E$5="0–12 months",D10<=12,IF(Dashboard!$E$5="13–24 months",AND(D10>=13,D10<=24),D10>=25))))
A11: CUST-1010 | B11: Male | C11: 27 | D11: 4 | E11: Basic | F11: 49.99 | G11: 199.96 | H11: Month-to-month | I11: 4 | J11: UPI | K11: Yes | L11: =--AND(OR(Dashboard!$B$5="All",H11=Dashboard!$B$5),OR(Dashboard!$H$5="All",J11=Dashboard!$H$5),OR(Dashboard!$E$5="All",IF(Dashboard!$E$5="0–12 months",D11<=12,IF(Dashboard!$E$5="13–24 months",AND(D11>=13,D11<=24),D11>=25))))
A12: CUST-1011 | B12: Female | C12: 49 | D12: 30 | E12: Enterprise | F12: 149.99 | G12: 4499.7 | H12: Two Year | I12: 0 | J12: Credit Card | K12: No | L12: =--AND(OR(Dashboard!$B$5="All",H12=Dashboard!$B$5),OR(Dashboard!$H$5="All",J12=Dashboard!$H$5),OR(Dashboard!$E$5="All",IF(Dashboard!$E$5="0–12 months",D12<=12,IF(Dashboard!$E$5="13–24 months",AND(D12>=13,D12<=24),D12>=25))))
A13: CUST-1012 | B13: Male | C13: 33 | D13: 14 | E13: Pro | F13: 79.99 | G13: 1119.86 | H13: Month-to-month | I13: 3 | J13: Debit Card | K13: Yes | L13: =--AND(OR(Dashboard!$B$5="All",H13=Dashboard!$B$5),OR(Dashboard!$H$5="All",J13=Dashboard!$H$5),OR(Dashboard!$E$5="All",IF(Dashboard!$E$5="0–12 months",D13<=12,IF(Dashboard!$E$5="13–24 months",AND(D13>=13,D13<=24),D13>=25))))
... A16: CUST-1015 | B16: Female | C16: 43 | D16: 40 | E16: Enterprise | F16: 149.99 | G16: 5999.6 | H16: Two Year | I16: 1 | J16: Credit Card | K16: No | L16: =--AND(OR(Dashboard!$B$5="All",H16=Dashboard!$B$5),OR(Dashboard!$H$5="All",J16=Dashboard!$H$5),OR(Dashboard!$E$5="All",IF(Dashboard!$E$5="0–12 months",D16<=12,IF(Dashboard!$E$5="13–24 months",AND(D16>=13,D16<=24),D16>=25))))

Sheet Dashboard
A1: CUSTOMER CHURN — BUSINESS KPI DASHBOARD
A2: Task 3 • Interactive KPI view based on the Task 2 cleaned dataset
A4: FILTERS
A5: Contract Type | B5: All | D5: Tenure Band | E5: All | G5: Payment Method | H5: All
A6: CHURN RATE | C6: RETENTION RATE | E6: REVENUE AT RISK | G6: AVG TENURE
A7: =IFERROR(SUMPRODUCT('Customer Data'!$L$2:$L$16,--('Customer Data'!$K$2:$K$16="Yes"))/SUM('Customer Data'!$L$2:$L$16),0) | C7: =1-B8 | E7: =SUMPRODUCT('Customer Data'!$L$2:$L$16,--('Customer Data'!$K$2:$K$16="Yes"),'Customer Data'!$G$2:$G$16) | G7: =IFERROR(SUMPRODUCT('Customer Data'!$L$2:$L$16,'Customer Data'!$D$2:$D$16)/SUM('Customer Data'!$L$2:$L$16),0)
A12: Churn by Contract Type | D12: Churn by Subscription | G12: Churn by Payment Method
A13: Contract Type | B13: Churned Customers | D13: Subscription | E13: Churned Customers | G13: Payment Method | H13: Churned Customers
A14: Month-to-month | B14: =COUNTIFS('Customer Data'!$H$2:$H$16,A14,'Customer Data'!$K$2:$K$16,"Yes") | D14: Basic | E14: =COUNTIFS('Customer Data'!$E$2:$E$16,D14,'Customer Data'!$K$2:$K$16,"Yes") | G14: Credit Card | H14: =COUNTIFS('Customer Data'!$J$2:$J$16,G14,'Customer Data'!$K$2:$K$16,"Yes")
A15: One Year | B15: =COUNTIFS('Customer Data'!$H$2:$H$16,A15,'Customer Data'!$K$2:$K$16,"Yes") | D15: Pro | E15: =COUNTIFS('Customer Data'!$E$2:$E$16,D15,'Customer Data'!$K$2:$K$16,"Yes") | G15: Bank Transfer | H15: =COUNTIFS('Customer Data'!$J$2:$J$16,G15,'Customer Data'!$K$2:$K$16,"Yes")
A16: Two Year | B16: =COUNTIFS('Customer Data'!$H$2:$H$16,A16,'Customer Data'!$K$2:$K$16,"Yes") | D16: Enterprise | E16: =COUNTIFS('Customer Data'!$E$2:$E$16,D16,'Customer Data'!$K$2:$K$16,"Yes") | G16: UPI | H16: =COUNTIFS('Customer Data'!$J$2:$J$16,G16,'Customer Data'!$K$2:$K$16,"Yes")
G17: Debit Card | H17: =COUNTIFS('Customer Data'!$J$2:$J$16,G17,'Customer Data'!$K$2:$K$16,"Yes")
E34: Churn by Tenure Band
E35: Tenure Band | F35: Churn Rate
E36: 0–12 months | F36: =IFERROR(COUNTIFS('Customer Data'!$D$2:$D$16,"<=12",'Customer Data'!$K$2:$K$16,"Yes")/COUNTIF('Customer Data'!$D$2:$D$16,"<=12"),0)
E37: 13–24 months | F37: =IFERROR(COUNTIFS('Customer Data'!$D$2:$D$16,">=13",'Customer Data'!$D$2:$D$16,"<=24",'Customer Data'!$K$2:$K$16,"Yes")/COUNTIFS('Customer Data'!$D$2:$D$16,">=13",'Customer Data'!$D$2:$D$16,"<=24"),0)
E38: 25+ months | F38: =IFERROR(COUNTIFS('Customer Data'!$D$2:$D$16,">=25",'Customer Data'!$K$2:$K$16,"Yes")/COUNTIF('Customer Data'!$D$2:$D$16,">=25"),0)
A49: Dashboard notes
A50: Revenue at Risk = cumulative TotalCharges for currently filtered customers who have Churn = Yes.
A51: Use the three yellow dropdowns above to change the KPI view.
A52: The charts show overall churn patterns; KPI cards respond to the selected filters.

Sheet Task 2 Summary
A1: Task 2 Data Quality Summary
A3: Records | B3: 15
A4: Columns | B4: 11
A5: Missing values observed | B5: 0
A6: Duplicate Customer IDs | B6: 0
A7: Churned customers | B7: 7
A8: Non-churned customers | B8: 8
A9: Churn rate | B9: 0.46666667
A10: Retention rate | B10: 0.53333333
